SCEN	CASE	TIME	AGG	RED	UPD	MAXB	AVGB	UPD_AVG	MERGE_AVG	WINDOW_CNT	PARTIAL_CNT	TOTAL_OP_TIME	TOTAL_CPU_TIME	AVG_OP_TIME	AVG_CPU_TIME
0	0	137025	10188061	42513785	32325724	64	24.8	1.049443776311583E-4	0.004664244434421844	356970	64782	125113	88284394000	0.0	2725.0
0	1	138130	1593907	34383205	32789298	127	48.6	1.1733064886067257E-4	0.0017480411574049433	356970	64782	126458	89294082000	0.0	2756.0
0	2	133078	8122743	40460894	32338151	64	24.8	1.3719505194070277E-4	0.0041824125769320195	356970	52355	107989	68308669000	0.0	2108.0
0	3	131569	1451464	34188713	32737249	127	48.6	1.4406867507770046E-4	0.0017508425054136051	356970	52355	106854	67154057000	0.0	2073.0
0	4	933885	5315777522	5315777522	0	32768	5460.0	3.514301273518195E-4	2.096259920273636	356970	32390506	921888	872636589000	0.0	26941.0
0	5	403498	4457785	927110571	922652786	65535	10919.0	0.0034130370358204025	0.0033027893022122244	356970	32390506	389208	340645856000	0.0	10516.0
