SCEN	CASE	TIME	AGG	RED	UPD	MAXB	AVGB	UPD_AVG	MERGE_AVG	WINDOW_CNT	PARTIAL_CNT	TOTAL_OP_TIME	TOTAL_CPU_TIME	AVG_OP_TIME	AVG_CPU_TIME
0	0	146414	3516910	35843970	32327060	64	24.8	1.09786321246793E-4	0.00671215752470281	125592	63446	98467	60748051000	0.0	1875.0
0	1	142443	480815	33277408	32796593	127	48.6	1.104025790141059E-4	0.0033600598759485002	125592	63446	96221	59486747000	0.0	1836.0
0	2	136713	2071713	34424413	32352700	32	15.0	1.0311976768941905E-4	0.00451458281910616	125592	37806	90031	53511461000	0.0	1652.0
0	3	137067	507109	33117785	32610676	63	29.0	1.0641935355747163E-4	0.0034317199206962174	125592	37806	89675	53326300000	0.0	1646.0
0	4	465602	1869432544	1869432544	0	32768	5460.0	3.547644376174785E-4	2.3773538334142827	125592	32390506	451183	401021972000	0.0	12380.0
0	5	388816	1578819	924266605	922687786	65535	10919.0	0.0036334102457859026	0.00398111359709538	125592	32390506	373450	323149466000	0.0	9976.0
