SCEN	CASE	TIME	AGG	RED	UPD	MAXB	AVGB	UPD_AVG	MERGE_AVG	WINDOW_CNT	PARTIAL_CNT	TOTAL_OP_TIME	TOTAL_CPU_TIME	AVG_OP_TIME	AVG_CPU_TIME
0	2	147115	186800	32561195	32374395	4096	476.11347517730496	9.630749176935069E-5	0.032164105106593954	16135	16111	83543	44556562000	0.0	1375.0
0	3	139573	24704	32510030	32485326	8191	951.2269503546099	8.806843367822072E-5	0.004833911750123946	16135	16111	79608	42673598000	0.0	1317.0
